prdName,prdPrice,prdDisPrice
 Haruharu WONDER Black Rice Hyaluronic Toner 300ml,37.00,18.50
 SOME BY MI Propolis B5 Glow Barrier Calming Toner 150ml,22.00,15.40
 Anua Heartleaf 77% Soothing Toner 250ml,28.00,25.20
 COSRX AHA/BHA CLARIFYING TREATMENT TONER 150ml,17.25,12.07
 COSRX Full Fit Propolis Synergy Toner 150ml,28.00,19.60
 0.99deal COSRX Refresh AHA/BHA Vitamin C Daily Toner 50ml,9.00,6.30
 Haruharu WONDER Black Rice Hyaluronic Toner 150ml (Fragrance Free),22.00,15.40
 ROUND LAB 1025 Dokdo Toner 200ml,17.00,13.60
 Beauty of Joseon Ginseng Essence Water 150ml,24.55,19.64
 SOME BY MI AHA BHA PHA 30 Days Miracle Toner 150ml,24.00,17.40
 COSRX BHA BLACKHEAD POWER LIQUID 100 ML,20.81,14.57
 Pyunkang Yul Essence Toner 200ml,21.90,15.33
 AXIS-Y The Mini Glow Set,7.00,4.20
 Isntree Green tea Fresh Toner 200ml,19.90,12.44
 COSRX CENTELLA WATER ALCOHOL FREE TONER 150ml,17.25,12.07
 numbuzin No.3 Super Glowing Essence Toner 200ml,23.00,14.95
 COSRX AHA 7 WHITEHEAD POWER LIQUID 100ml,17.81,12.47
 ROUND LAB 1025 Dokdo Toner 100ml,13.55,10.84
 COSRX Balancium Comfort Ceramide Cream Mist 120ml,29.00,14.50
 Isntree Hyaluronic Acid Toner 200ml (Renewal),19.30,14.47
 Haruharu WONDER Black Rice Hyaluronic Toner 300ml,37.00,18.50
 ROUND LAB 1025 Dokdo Toner 500ml,34.00,22.10
 Anua Heartleaf 77% Soothing Toner 250ml,28.00,25.20
 COSRX AHA/BHA CLARIFYING TREATMENT TONER 150ml,17.25,12.07
 COSRX Full Fit Propolis Synergy Toner 150ml,28.00,19.60
 0.99deal COSRX Refresh AHA/BHA Vitamin C Daily Toner 50ml,9.00,6.30
 Haruharu WONDER Black Rice Hyaluronic Toner 150ml (Fragrance Free),22.00,15.40
 ROUND LAB 1025 Dokdo Toner 200ml,17.00,13.60
 Beauty of Joseon Ginseng Essence Water 150ml,24.55,19.64
 SOME BY MI AHA BHA PHA 30 Days Miracle Toner 150ml,24.00,17.40
 COSRX BHA BLACKHEAD POWER LIQUID 100 ML,20.81,14.57
 Pyunkang Yul Essence Toner 200ml,21.90,15.33
 AXIS-Y The Mini Glow Set,7.00,4.20
 Isntree Green tea Fresh Toner 200ml,19.90,12.44
 COSRX CENTELLA WATER ALCOHOL FREE TONER 150ml,17.25,12.07
 numbuzin No.3 Super Glowing Essence Toner 200ml,23.00,14.95
 COSRX AHA 7 WHITEHEAD POWER LIQUID 100ml,17.81,12.47
 ROUND LAB 1025 Dokdo Toner 100ml,13.55,10.84
 COSRX Balancium Comfort Ceramide Cream Mist 120ml,29.00,14.50
 Isntree Hyaluronic Acid Toner 200ml (Renewal),19.30,14.47
 Haruharu WONDER Black Rice Hyaluronic Toner 300ml,37.00,18.50
 ROUND LAB 1025 Dokdo Toner 500ml,34.00,22.10
 Anua Heartleaf 77% Soothing Toner 250ml,28.00,25.20
 COSRX AHA/BHA CLARIFYING TREATMENT TONER 150ml,17.25,12.07
 COSRX Full Fit Propolis Synergy Toner 150ml,28.00,19.60
 0.99deal COSRX Refresh AHA/BHA Vitamin C Daily Toner 50ml,9.00,6.30
 Haruharu WONDER Black Rice Hyaluronic Toner 150ml (Fragrance Free),22.00,15.40
 ROUND LAB 1025 Dokdo Toner 200ml,17.00,13.60
 Beauty of Joseon Ginseng Essence Water 150ml,24.55,19.64
 SOME BY MI AHA BHA PHA 30 Days Miracle Toner 150ml,24.00,17.40
 COSRX BHA BLACKHEAD POWER LIQUID 100 ML,20.81,14.57
 Pyunkang Yul Essence Toner 200ml,21.90,15.33
 AXIS-Y The Mini Glow Set,7.00,4.20
 Isntree Green tea Fresh Toner 200ml,19.90,12.44
 COSRX CENTELLA WATER ALCOHOL FREE TONER 150ml,17.25,12.07
 numbuzin No.3 Super Glowing Essence Toner 200ml,23.00,14.95
 COSRX AHA 7 WHITEHEAD POWER LIQUID 100ml,17.81,12.47
 ROUND LAB 1025 Dokdo Toner 100ml,13.55,10.84
 COSRX Balancium Comfort Ceramide Cream Mist 120ml,29.00,14.50
 Isntree Hyaluronic Acid Toner 200ml (Renewal),19.30,14.47
 Haruharu WONDER Black Rice Hyaluronic Toner 300ml,37.00,18.50
 ROUND LAB 1025 Dokdo Toner 500ml,34.00,22.10
 Anua Heartleaf 77% Soothing Toner 250ml,28.00,25.20
 COSRX AHA/BHA CLARIFYING TREATMENT TONER 150ml,17.25,12.07
 COSRX Full Fit Propolis Synergy Toner 150ml,28.00,19.60
 0.99deal COSRX Refresh AHA/BHA Vitamin C Daily Toner 50ml,9.00,6.30
 Haruharu WONDER Black Rice Hyaluronic Toner 150ml (Fragrance Free),22.00,15.40
 ROUND LAB 1025 Dokdo Toner 200ml,17.00,13.60
 Beauty of Joseon Ginseng Essence Water 150ml,24.55,19.64
 SOME BY MI AHA BHA PHA 30 Days Miracle Toner 150ml,24.00,17.40
 COSRX BHA BLACKHEAD POWER LIQUID 100 ML,20.81,14.57
 Pyunkang Yul Essence Toner 200ml,21.90,15.33
 AXIS-Y The Mini Glow Set,7.00,4.20
 Isntree Green tea Fresh Toner 200ml,19.90,12.44
 COSRX CENTELLA WATER ALCOHOL FREE TONER 150ml,17.25,12.07
 numbuzin No.3 Super Glowing Essence Toner 200ml,23.00,14.95
 COSRX AHA 7 WHITEHEAD POWER LIQUID 100ml,17.81,12.47
 ROUND LAB 1025 Dokdo Toner 100ml,13.55,10.84
 COSRX Balancium Comfort Ceramide Cream Mist 120ml,29.00,14.50
 Isntree Hyaluronic Acid Toner 200ml (Renewal),19.30,14.47
 Haruharu WONDER Black Rice Hyaluronic Toner 300ml,37.00,18.50
 ROUND LAB 1025 Dokdo Toner 500ml,34.00,22.10
 Anua Heartleaf 77% Soothing Toner 250ml,28.00,25.20
 COSRX AHA/BHA CLARIFYING TREATMENT TONER 150ml,17.25,12.07
 COSRX Full Fit Propolis Synergy Toner 150ml,28.00,19.60
 0.99deal COSRX Refresh AHA/BHA Vitamin C Daily Toner 50ml,9.00,6.30
 Haruharu WONDER Black Rice Hyaluronic Toner 150ml (Fragrance Free),22.00,15.40
 ROUND LAB 1025 Dokdo Toner 200ml,17.00,13.60
 Beauty of Joseon Ginseng Essence Water 150ml,24.55,19.64
 SOME BY MI AHA BHA PHA 30 Days Miracle Toner 150ml,24.00,17.40
 COSRX BHA BLACKHEAD POWER LIQUID 100 ML,20.81,14.57
 Pyunkang Yul Essence Toner 200ml,21.90,15.33
 AXIS-Y The Mini Glow Set,7.00,4.20
 Isntree Green tea Fresh Toner 200ml,19.90,12.44
 COSRX CENTELLA WATER ALCOHOL FREE TONER 150ml,17.25,12.07
 numbuzin No.3 Super Glowing Essence Toner 200ml,23.00,14.95
 COSRX AHA 7 WHITEHEAD POWER LIQUID 100ml,17.81,12.47
 ROUND LAB 1025 Dokdo Toner 100ml,13.55,10.84
 COSRX Balancium Comfort Ceramide Cream Mist 120ml,29.00,14.50
 Isntree Hyaluronic Acid Toner 200ml (Renewal),19.30,14.47
 Haruharu WONDER Black Rice Hyaluronic Toner 300ml,37.00,18.50
 ROUND LAB 1025 Dokdo Toner 500ml,34.00,22.10
 Anua Heartleaf 77% Soothing Toner 250ml,28.00,25.20
 COSRX AHA/BHA CLARIFYING TREATMENT TONER 150ml,17.25,12.07
 COSRX Full Fit Propolis Synergy Toner 150ml,28.00,19.60
 0.99deal COSRX Refresh AHA/BHA Vitamin C Daily Toner 50ml,9.00,6.30
 Haruharu WONDER Black Rice Hyaluronic Toner 150ml (Fragrance Free),22.00,15.40
 ROUND LAB 1025 Dokdo Toner 200ml,17.00,13.60
 Beauty of Joseon Ginseng Essence Water 150ml,24.55,19.64
 SOME BY MI AHA BHA PHA 30 Days Miracle Toner 150ml,24.00,17.40
 COSRX BHA BLACKHEAD POWER LIQUID 100 ML,20.81,14.57
 Pyunkang Yul Essence Toner 200ml,21.90,15.33
 AXIS-Y The Mini Glow Set,7.00,4.20
 Isntree Green tea Fresh Toner 200ml,19.90,12.44
 COSRX CENTELLA WATER ALCOHOL FREE TONER 150ml,17.25,12.07
 numbuzin No.3 Super Glowing Essence Toner 200ml,23.00,14.95
 COSRX AHA 7 WHITEHEAD POWER LIQUID 100ml,17.81,12.47
 ROUND LAB 1025 Dokdo Toner 100ml,13.55,10.84
 COSRX Balancium Comfort Ceramide Cream Mist 120ml,29.00,14.50
 Isntree Hyaluronic Acid Toner 200ml (Renewal),19.30,14.47
 Haruharu WONDER Black Rice Hyaluronic Toner 300ml,37.00,18.50
 ROUND LAB 1025 Dokdo Toner 500ml,34.00,22.10
 Anua Heartleaf 77% Soothing Toner 250ml,28.00,25.20
 COSRX AHA/BHA CLARIFYING TREATMENT TONER 150ml,17.25,12.07
 COSRX Full Fit Propolis Synergy Toner 150ml,28.00,19.60
 0.99deal COSRX Refresh AHA/BHA Vitamin C Daily Toner 50ml,9.00,6.30
 Haruharu WONDER Black Rice Hyaluronic Toner 150ml (Fragrance Free),22.00,15.40
 ROUND LAB 1025 Dokdo Toner 200ml,17.00,13.60
 Beauty of Joseon Ginseng Essence Water 150ml,24.55,19.64
 SOME BY MI AHA BHA PHA 30 Days Miracle Toner 150ml,24.00,17.40
 COSRX BHA BLACKHEAD POWER LIQUID 100 ML,20.81,14.57
 Pyunkang Yul Essence Toner 200ml,21.90,15.33
 AXIS-Y The Mini Glow Set,7.00,4.20
 Isntree Green tea Fresh Toner 200ml,19.90,12.44
 COSRX CENTELLA WATER ALCOHOL FREE TONER 150ml,17.25,12.07
 numbuzin No.3 Super Glowing Essence Toner 200ml,23.00,14.95
 COSRX AHA 7 WHITEHEAD POWER LIQUID 100ml,17.81,12.47
 ROUND LAB 1025 Dokdo Toner 100ml,13.55,10.84
 COSRX Balancium Comfort Ceramide Cream Mist 120ml,29.00,14.50
 Isntree Hyaluronic Acid Toner 200ml (Renewal),19.30,14.47
 Haruharu WONDER Black Rice Hyaluronic Toner 300ml,37.00,18.50
 ROUND LAB 1025 Dokdo Toner 500ml,34.00,22.10
 Anua Heartleaf 77% Soothing Toner 250ml,28.00,25.20
 COSRX AHA/BHA CLARIFYING TREATMENT TONER 150ml,17.25,12.07
 COSRX Full Fit Propolis Synergy Toner 150ml,28.00,19.60
 0.99deal COSRX Refresh AHA/BHA Vitamin C Daily Toner 50ml,9.00,6.30
 Haruharu WONDER Black Rice Hyaluronic Toner 150ml (Fragrance Free),22.00,15.40
 ROUND LAB 1025 Dokdo Toner 200ml,17.00,13.60
 Beauty of Joseon Ginseng Essence Water 150ml,24.55,19.64
 SOME BY MI AHA BHA PHA 30 Days Miracle Toner 150ml,24.00,17.40
 COSRX BHA BLACKHEAD POWER LIQUID 100 ML,20.81,14.57
 Pyunkang Yul Essence Toner 200ml,21.90,15.33
 AXIS-Y The Mini Glow Set,7.00,4.20
 Isntree Green tea Fresh Toner 200ml,19.90,12.44
 COSRX CENTELLA WATER ALCOHOL FREE TONER 150ml,17.25,12.07
 numbuzin No.3 Super Glowing Essence Toner 200ml,23.00,14.95
 COSRX AHA 7 WHITEHEAD POWER LIQUID 100ml,17.81,12.47
 ROUND LAB 1025 Dokdo Toner 100ml,13.55,10.84
 COSRX Balancium Comfort Ceramide Cream Mist 120ml,29.00,14.50
 Isntree Hyaluronic Acid Toner 200ml (Renewal),19.30,14.47
 Haruharu WONDER Black Rice Hyaluronic Toner 300ml,37.00,18.50
 ROUND LAB 1025 Dokdo Toner 500ml,34.00,22.10
 Anua Heartleaf 77% Soothing Toner 250ml,28.00,25.20
 COSRX AHA/BHA CLARIFYING TREATMENT TONER 150ml,17.25,12.07
 COSRX Full Fit Propolis Synergy Toner 150ml,28.00,19.60
 0.99deal COSRX Refresh AHA/BHA Vitamin C Daily Toner 50ml,9.00,6.30
 Haruharu WONDER Black Rice Hyaluronic Toner 150ml (Fragrance Free),22.00,15.40
 ROUND LAB 1025 Dokdo Toner 200ml,17.00,13.60
 Beauty of Joseon Ginseng Essence Water 150ml,24.55,19.64
 SOME BY MI AHA BHA PHA 30 Days Miracle Toner 150ml,24.00,17.40
 COSRX BHA BLACKHEAD POWER LIQUID 100 ML,20.81,14.57
 Pyunkang Yul Essence Toner 200ml,21.90,15.33
 AXIS-Y The Mini Glow Set,7.00,4.20
 Isntree Green tea Fresh Toner 200ml,19.90,12.44
 COSRX CENTELLA WATER ALCOHOL FREE TONER 150ml,17.25,12.07
 numbuzin No.3 Super Glowing Essence Toner 200ml,23.00,14.95
 COSRX AHA 7 WHITEHEAD POWER LIQUID 100ml,17.81,12.47
 ROUND LAB 1025 Dokdo Toner 100ml,13.55,10.84
 COSRX Balancium Comfort Ceramide Cream Mist 120ml,29.00,14.50
 Isntree Hyaluronic Acid Toner 200ml (Renewal),19.30,14.47
 Haruharu WONDER Black Rice Hyaluronic Toner 300ml,37.00,18.50
 ROUND LAB 1025 Dokdo Toner 500ml,34.00,22.10
 Anua Heartleaf 77% Soothing Toner 250ml,28.00,25.20
 COSRX AHA/BHA CLARIFYING TREATMENT TONER 150ml,17.25,12.07
 COSRX Full Fit Propolis Synergy Toner 150ml,28.00,19.60
 0.99deal COSRX Refresh AHA/BHA Vitamin C Daily Toner 50ml,9.00,6.30
 Haruharu WONDER Black Rice Hyaluronic Toner 150ml (Fragrance Free),22.00,15.40
 ROUND LAB 1025 Dokdo Toner 200ml,17.00,13.60
 Beauty of Joseon Ginseng Essence Water 150ml,24.55,19.64
 SOME BY MI AHA BHA PHA 30 Days Miracle Toner 150ml,24.00,17.40
 COSRX BHA BLACKHEAD POWER LIQUID 100 ML,20.81,14.57
 Pyunkang Yul Essence Toner 200ml,21.90,15.33
 AXIS-Y The Mini Glow Set,7.00,4.20
 Isntree Green tea Fresh Toner 200ml,19.90,12.44
 COSRX CENTELLA WATER ALCOHOL FREE TONER 150ml,17.25,12.07
 numbuzin No.3 Super Glowing Essence Toner 200ml,23.00,14.95
 COSRX AHA 7 WHITEHEAD POWER LIQUID 100ml,17.81,12.47
 ROUND LAB 1025 Dokdo Toner 100ml,13.55,10.84
 COSRX Balancium Comfort Ceramide Cream Mist 120ml,29.00,14.50
 Isntree Hyaluronic Acid Toner 200ml (Renewal),19.30,14.47
 Haruharu WONDER Black Rice Hyaluronic Toner 300ml,37.00,18.50
 ROUND LAB 1025 Dokdo Toner 500ml,34.00,22.10
 Anua Heartleaf 77% Soothing Toner 250ml,28.00,25.20
 COSRX AHA/BHA CLARIFYING TREATMENT TONER 150ml,17.25,12.07
 COSRX Full Fit Propolis Synergy Toner 150ml,28.00,19.60
 0.99deal COSRX Refresh AHA/BHA Vitamin C Daily Toner 50ml,9.00,6.30
 Haruharu WONDER Black Rice Hyaluronic Toner 150ml (Fragrance Free),22.00,15.40
 ROUND LAB 1025 Dokdo Toner 200ml,17.00,13.60
 Beauty of Joseon Ginseng Essence Water 150ml,24.55,19.64
 SOME BY MI AHA BHA PHA 30 Days Miracle Toner 150ml,24.00,17.40
 COSRX BHA BLACKHEAD POWER LIQUID 100 ML,20.81,14.57
 Pyunkang Yul Essence Toner 200ml,21.90,15.33
 AXIS-Y The Mini Glow Set,7.00,4.20
 Isntree Green tea Fresh Toner 200ml,19.90,12.44
 COSRX CENTELLA WATER ALCOHOL FREE TONER 150ml,17.25,12.07
 numbuzin No.3 Super Glowing Essence Toner 200ml,23.00,14.95
 COSRX AHA 7 WHITEHEAD POWER LIQUID 100ml,17.81,12.47
 ROUND LAB 1025 Dokdo Toner 100ml,13.55,10.84
 COSRX Balancium Comfort Ceramide Cream Mist 120ml,29.00,14.50
 Isntree Hyaluronic Acid Toner 200ml (Renewal),19.30,14.47
 Haruharu WONDER Black Rice Hyaluronic Toner 300ml,37.00,18.50
 ROUND LAB 1025 Dokdo Toner 500ml,34.00,22.10
 Anua Heartleaf 77% Soothing Toner 250ml,28.00,25.20
 COSRX AHA/BHA CLARIFYING TREATMENT TONER 150ml,17.25,12.07
 COSRX Full Fit Propolis Synergy Toner 150ml,28.00,19.60
 0.99deal COSRX Refresh AHA/BHA Vitamin C Daily Toner 50ml,9.00,6.30
 Haruharu WONDER Black Rice Hyaluronic Toner 150ml (Fragrance Free),22.00,15.40
 ROUND LAB 1025 Dokdo Toner 200ml,17.00,13.60
 Beauty of Joseon Ginseng Essence Water 150ml,24.55,19.64
 SOME BY MI AHA BHA PHA 30 Days Miracle Toner 150ml,24.00,17.40
 COSRX BHA BLACKHEAD POWER LIQUID 100 ML,20.81,14.57
 Pyunkang Yul Essence Toner 200ml,21.90,15.33
 AXIS-Y The Mini Glow Set,7.00,4.20
 Isntree Green tea Fresh Toner 200ml,19.90,12.44
 COSRX CENTELLA WATER ALCOHOL FREE TONER 150ml,17.25,12.07
 numbuzin No.3 Super Glowing Essence Toner 200ml,23.00,14.95
 COSRX AHA 7 WHITEHEAD POWER LIQUID 100ml,17.81,12.47
 ROUND LAB 1025 Dokdo Toner 100ml,13.55,10.84
 COSRX Balancium Comfort Ceramide Cream Mist 120ml,29.00,14.50
 Isntree Hyaluronic Acid Toner 200ml (Renewal),19.30,14.47
 Haruharu WONDER Black Rice Hyaluronic Toner 300ml,37.00,18.50
 ROUND LAB 1025 Dokdo Toner 500ml,34.00,22.10
 Anua Heartleaf 77% Soothing Toner 250ml,28.00,25.20
 COSRX AHA/BHA CLARIFYING TREATMENT TONER 150ml,17.25,12.07
 COSRX Full Fit Propolis Synergy Toner 150ml,28.00,19.60
 0.99deal COSRX Refresh AHA/BHA Vitamin C Daily Toner 50ml,9.00,6.30
 Haruharu WONDER Black Rice Hyaluronic Toner 150ml (Fragrance Free),22.00,15.40
 ROUND LAB 1025 Dokdo Toner 200ml,17.00,13.60
 Beauty of Joseon Ginseng Essence Water 150ml,24.55,19.64
 SOME BY MI AHA BHA PHA 30 Days Miracle Toner 150ml,24.00,17.40
 COSRX BHA BLACKHEAD POWER LIQUID 100 ML,20.81,14.57
 Pyunkang Yul Essence Toner 200ml,21.90,15.33
 AXIS-Y The Mini Glow Set,7.00,4.20
 Isntree Green tea Fresh Toner 200ml,19.90,12.44
 COSRX CENTELLA WATER ALCOHOL FREE TONER 150ml,17.25,12.07
 numbuzin No.3 Super Glowing Essence Toner 200ml,23.00,14.95
 COSRX AHA 7 WHITEHEAD POWER LIQUID 100ml,17.81,12.47
 ROUND LAB 1025 Dokdo Toner 100ml,13.55,10.84
 COSRX Balancium Comfort Ceramide Cream Mist 120ml,29.00,14.50
 Isntree Hyaluronic Acid Toner 200ml (Renewal),19.30,14.47
 Haruharu WONDER Black Rice Hyaluronic Toner 300ml,37.00,18.50
 ROUND LAB 1025 Dokdo Toner 500ml,34.00,22.10
 Anua Heartleaf 77% Soothing Toner 250ml,28.00,25.20
 COSRX AHA/BHA CLARIFYING TREATMENT TONER 150ml,17.25,12.07
 COSRX Full Fit Propolis Synergy Toner 150ml,28.00,19.60
 0.99deal COSRX Refresh AHA/BHA Vitamin C Daily Toner 50ml,9.00,6.30
 Haruharu WONDER Black Rice Hyaluronic Toner 150ml (Fragrance Free),22.00,15.40
 ROUND LAB 1025 Dokdo Toner 200ml,17.00,13.60
 Beauty of Joseon Ginseng Essence Water 150ml,24.55,19.64
 SOME BY MI AHA BHA PHA 30 Days Miracle Toner 150ml,24.00,17.40
 COSRX BHA BLACKHEAD POWER LIQUID 100 ML,20.81,14.57
 Pyunkang Yul Essence Toner 200ml,21.90,15.33
 AXIS-Y The Mini Glow Set,7.00,4.20
 Isntree Green tea Fresh Toner 200ml,19.90,12.44
 COSRX CENTELLA WATER ALCOHOL FREE TONER 150ml,17.25,12.07
 numbuzin No.3 Super Glowing Essence Toner 200ml,23.00,14.95
 COSRX AHA 7 WHITEHEAD POWER LIQUID 100ml,17.81,12.47
 ROUND LAB 1025 Dokdo Toner 100ml,13.55,10.84
 COSRX Balancium Comfort Ceramide Cream Mist 120ml,29.00,14.50
 Isntree Hyaluronic Acid Toner 200ml (Renewal),19.30,14.47
 Haruharu WONDER Black Rice Hyaluronic Toner 300ml,37.00,18.50
 ROUND LAB 1025 Dokdo Toner 500ml,34.00,22.10
 Anua Heartleaf 77% Soothing Toner 250ml,28.00,25.20
 COSRX AHA/BHA CLARIFYING TREATMENT TONER 150ml,17.25,12.07
 COSRX Full Fit Propolis Synergy Toner 150ml,28.00,19.60
 0.99deal COSRX Refresh AHA/BHA Vitamin C Daily Toner 50ml,9.00,6.30
 Haruharu WONDER Black Rice Hyaluronic Toner 150ml (Fragrance Free),22.00,15.40
 ROUND LAB 1025 Dokdo Toner 200ml,17.00,13.60
 Beauty of Joseon Ginseng Essence Water 150ml,24.55,19.64
 SOME BY MI AHA BHA PHA 30 Days Miracle Toner 150ml,24.00,17.40
 COSRX BHA BLACKHEAD POWER LIQUID 100 ML,20.81,14.57
 Pyunkang Yul Essence Toner 200ml,21.90,15.33
 AXIS-Y The Mini Glow Set,7.00,4.20
 Isntree Green tea Fresh Toner 200ml,19.90,12.44
 COSRX CENTELLA WATER ALCOHOL FREE TONER 150ml,17.25,12.07
 numbuzin No.3 Super Glowing Essence Toner 200ml,23.00,14.95
 COSRX AHA 7 WHITEHEAD POWER LIQUID 100ml,17.81,12.47
 ROUND LAB 1025 Dokdo Toner 100ml,13.55,10.84
 COSRX Balancium Comfort Ceramide Cream Mist 120ml,29.00,14.50
 Isntree Hyaluronic Acid Toner 200ml (Renewal),19.30,14.47
 Haruharu WONDER Black Rice Hyaluronic Toner 300ml,37.00,18.50
 ROUND LAB 1025 Dokdo Toner 500ml,34.00,22.10
 Anua Heartleaf 77% Soothing Toner 250ml,28.00,25.20
 COSRX AHA/BHA CLARIFYING TREATMENT TONER 150ml,17.25,12.07
 COSRX Full Fit Propolis Synergy Toner 150ml,28.00,19.60
 0.99deal COSRX Refresh AHA/BHA Vitamin C Daily Toner 50ml,9.00,6.30
 Haruharu WONDER Black Rice Hyaluronic Toner 150ml (Fragrance Free),22.00,15.40
 ROUND LAB 1025 Dokdo Toner 200ml,17.00,13.60
 Beauty of Joseon Ginseng Essence Water 150ml,24.55,19.64
 SOME BY MI AHA BHA PHA 30 Days Miracle Toner 150ml,24.00,17.40
 COSRX BHA BLACKHEAD POWER LIQUID 100 ML,20.81,14.57
 Pyunkang Yul Essence Toner 200ml,21.90,15.33
 AXIS-Y The Mini Glow Set,7.00,4.20
 Isntree Green tea Fresh Toner 200ml,19.90,12.44
 COSRX CENTELLA WATER ALCOHOL FREE TONER 150ml,17.25,12.07
 numbuzin No.3 Super Glowing Essence Toner 200ml,23.00,14.95
 COSRX AHA 7 WHITEHEAD POWER LIQUID 100ml,17.81,12.47
 ROUND LAB 1025 Dokdo Toner 100ml,13.55,10.84
 COSRX Balancium Comfort Ceramide Cream Mist 120ml,29.00,14.50
 Isntree Hyaluronic Acid Toner 200ml (Renewal),19.30,14.47
 Haruharu WONDER Black Rice Hyaluronic Toner 300ml,37.00,18.50
 ROUND LAB 1025 Dokdo Toner 500ml,34.00,22.10
 Anua Heartleaf 77% Soothing Toner 250ml,28.00,25.20
 COSRX AHA/BHA CLARIFYING TREATMENT TONER 150ml,17.25,12.07
 COSRX Full Fit Propolis Synergy Toner 150ml,28.00,19.60
 0.99deal COSRX Refresh AHA/BHA Vitamin C Daily Toner 50ml,9.00,6.30
 Haruharu WONDER Black Rice Hyaluronic Toner 150ml (Fragrance Free),22.00,15.40
 ROUND LAB 1025 Dokdo Toner 200ml,17.00,13.60
 Beauty of Joseon Ginseng Essence Water 150ml,24.55,19.64
 SOME BY MI AHA BHA PHA 30 Days Miracle Toner 150ml,24.00,17.40
 COSRX BHA BLACKHEAD POWER LIQUID 100 ML,20.81,14.57
 Pyunkang Yul Essence Toner 200ml,21.90,15.33
 AXIS-Y The Mini Glow Set,7.00,4.20
 Isntree Green tea Fresh Toner 200ml,19.90,12.44
 COSRX CENTELLA WATER ALCOHOL FREE TONER 150ml,17.25,12.07
 numbuzin No.3 Super Glowing Essence Toner 200ml,23.00,14.95
 COSRX AHA 7 WHITEHEAD POWER LIQUID 100ml,17.81,12.47
 ROUND LAB 1025 Dokdo Toner 100ml,13.55,10.84
 COSRX Balancium Comfort Ceramide Cream Mist 120ml,29.00,14.50
 Isntree Hyaluronic Acid Toner 200ml (Renewal),19.30,14.47
 Haruharu WONDER Black Rice Hyaluronic Toner 300ml,37.00,18.50
 ROUND LAB 1025 Dokdo Toner 500ml,34.00,22.10
 Anua Heartleaf 77% Soothing Toner 250ml,28.00,25.20
 COSRX AHA/BHA CLARIFYING TREATMENT TONER 150ml,17.25,12.07
 COSRX Full Fit Propolis Synergy Toner 150ml,28.00,19.60
 0.99deal COSRX Refresh AHA/BHA Vitamin C Daily Toner 50ml,9.00,6.30
 Haruharu WONDER Black Rice Hyaluronic Toner 150ml (Fragrance Free),22.00,15.40
 ROUND LAB 1025 Dokdo Toner 200ml,17.00,13.60
 Beauty of Joseon Ginseng Essence Water 150ml,24.55,19.64
 SOME BY MI AHA BHA PHA 30 Days Miracle Toner 150ml,24.00,17.40
 COSRX BHA BLACKHEAD POWER LIQUID 100 ML,20.81,14.57
 Pyunkang Yul Essence Toner 200ml,21.90,15.33
 AXIS-Y The Mini Glow Set,7.00,4.20
 Isntree Green tea Fresh Toner 200ml,19.90,12.44
 COSRX CENTELLA WATER ALCOHOL FREE TONER 150ml,17.25,12.07
 numbuzin No.3 Super Glowing Essence Toner 200ml,23.00,14.95
 COSRX AHA 7 WHITEHEAD POWER LIQUID 100ml,17.81,12.47
 ROUND LAB 1025 Dokdo Toner 100ml,13.55,10.84
 COSRX Balancium Comfort Ceramide Cream Mist 120ml,29.00,14.50
 Isntree Hyaluronic Acid Toner 200ml (Renewal),19.30,14.47
 Haruharu WONDER Black Rice Hyaluronic Toner 300ml,37.00,18.50
 ROUND LAB 1025 Dokdo Toner 500ml,34.00,22.10
 Anua Heartleaf 77% Soothing Toner 250ml,28.00,25.20
 COSRX AHA/BHA CLARIFYING TREATMENT TONER 150ml,17.25,12.07
 COSRX Full Fit Propolis Synergy Toner 150ml,28.00,19.60
 0.99deal COSRX Refresh AHA/BHA Vitamin C Daily Toner 50ml,9.00,6.30
 Haruharu WONDER Black Rice Hyaluronic Toner 150ml (Fragrance Free),22.00,15.40
 ROUND LAB 1025 Dokdo Toner 200ml,17.00,13.60
 Beauty of Joseon Ginseng Essence Water 150ml,24.55,19.64
 SOME BY MI AHA BHA PHA 30 Days Miracle Toner 150ml,24.00,17.40
 COSRX BHA BLACKHEAD POWER LIQUID 100 ML,20.81,14.57
 Pyunkang Yul Essence Toner 200ml,21.90,15.33
 AXIS-Y The Mini Glow Set,7.00,4.20
 Isntree Green tea Fresh Toner 200ml,19.90,12.44
 COSRX CENTELLA WATER ALCOHOL FREE TONER 150ml,17.25,12.07
 numbuzin No.3 Super Glowing Essence Toner 200ml,23.00,14.95
 COSRX AHA 7 WHITEHEAD POWER LIQUID 100ml,17.81,12.47
 ROUND LAB 1025 Dokdo Toner 100ml,13.55,10.84
 COSRX Balancium Comfort Ceramide Cream Mist 120ml,29.00,14.50
 Isntree Hyaluronic Acid Toner 200ml (Renewal),19.30,14.47
 Haruharu WONDER Black Rice Hyaluronic Toner 300ml,37.00,18.50
 ROUND LAB 1025 Dokdo Toner 500ml,34.00,22.10
 Anua Heartleaf 77% Soothing Toner 250ml,28.00,25.20
 COSRX AHA/BHA CLARIFYING TREATMENT TONER 150ml,17.25,12.07
 COSRX Full Fit Propolis Synergy Toner 150ml,28.00,19.60
 0.99deal COSRX Refresh AHA/BHA Vitamin C Daily Toner 50ml,9.00,6.30
 Haruharu WONDER Black Rice Hyaluronic Toner 150ml (Fragrance Free),22.00,15.40
 ROUND LAB 1025 Dokdo Toner 200ml,17.00,13.60
 Beauty of Joseon Ginseng Essence Water 150ml,24.55,19.64
 SOME BY MI AHA BHA PHA 30 Days Miracle Toner 150ml,24.00,17.40
 COSRX BHA BLACKHEAD POWER LIQUID 100 ML,20.81,14.57
 Pyunkang Yul Essence Toner 200ml,21.90,15.33
 AXIS-Y The Mini Glow Set,7.00,4.20
 Isntree Green tea Fresh Toner 200ml,19.90,12.44
 COSRX CENTELLA WATER ALCOHOL FREE TONER 150ml,17.25,12.07
 numbuzin No.3 Super Glowing Essence Toner 200ml,23.00,14.95
 COSRX AHA 7 WHITEHEAD POWER LIQUID 100ml,17.81,12.47
 ROUND LAB 1025 Dokdo Toner 100ml,13.55,10.84
 COSRX Balancium Comfort Ceramide Cream Mist 120ml,29.00,14.50
 Isntree Hyaluronic Acid Toner 200ml (Renewal),19.30,14.47
 Haruharu WONDER Black Rice Hyaluronic Toner 300ml,37.00,18.50
 ROUND LAB 1025 Dokdo Toner 500ml,34.00,22.10
 Anua Heartleaf 77% Soothing Toner 250ml,28.00,25.20
 COSRX AHA/BHA CLARIFYING TREATMENT TONER 150ml,17.25,12.07
 COSRX Full Fit Propolis Synergy Toner 150ml,28.00,19.60
 0.99deal COSRX Refresh AHA/BHA Vitamin C Daily Toner 50ml,9.00,6.30
 Haruharu WONDER Black Rice Hyaluronic Toner 150ml (Fragrance Free),22.00,15.40
 ROUND LAB 1025 Dokdo Toner 200ml,17.00,13.60
 Beauty of Joseon Ginseng Essence Water 150ml,24.55,19.64
 SOME BY MI AHA BHA PHA 30 Days Miracle Toner 150ml,24.00,17.40
 COSRX BHA BLACKHEAD POWER LIQUID 100 ML,20.81,14.57
 Pyunkang Yul Essence Toner 200ml,21.90,15.33
 AXIS-Y The Mini Glow Set,7.00,4.20
 Isntree Green tea Fresh Toner 200ml,19.90,12.44
 COSRX CENTELLA WATER ALCOHOL FREE TONER 150ml,17.25,12.07
 numbuzin No.3 Super Glowing Essence Toner 200ml,23.00,14.95
 COSRX AHA 7 WHITEHEAD POWER LIQUID 100ml,17.81,12.47
 ROUND LAB 1025 Dokdo Toner 100ml,13.55,10.84
 COSRX Balancium Comfort Ceramide Cream Mist 120ml,29.00,14.50
 Isntree Hyaluronic Acid Toner 200ml (Renewal),19.30,14.47
 Haruharu WONDER Black Rice Hyaluronic Toner 300ml,37.00,18.50
 ROUND LAB 1025 Dokdo Toner 500ml,34.00,22.10
